{
  "week": "2026-04-10",
  "copper_fut": 5.870500087738037,
  "bdry": 10.699999809265137,
  "wti": 96.56999969482422,
  "dff": 3.64,
  "t10y2y": 0.5,
  "dxy_broad": 118.8552,
  "payems": 158459.0,
  "nfp_change": -133.0,
  "unrate": 4.4,
  "copper_spot_monthly": 12951.345,
  "breakeven_10y": 2.36,
  "hy_oas": 2.94,
  "real_yield_10y": 1.95,
  "durable_goods_mom": -1.280100007813112,
  "etf_spy": 679.4600219726562,
  "etf_qqq": 611.0700073242188,
  "etf_xli": 171.52000427246094,
  "etf_xle": 56.939998626708984,
  "etf_iwm": 261.29998779296875,
  "etf_tlt": 86.48999786376953,
  "copper_mom_1m": 2.729900055698442,
  "copper_mom_3m": 0.2561671235388862,
  "copper_mom_6m": 21.078691559170547,
  "bdry_mom_1m": 2.0019069850235827,
  "bdry_mom_3m": 20.903947435629135,
  "bdry_mom_6m": 30.80683875396508,
  "wti_mom_1m": -2.1679661731301425,
  "wti_mom_3m": 63.34573991803949,
  "wti_mom_6m": 63.95585261979024,
  "dff_mom_1m": 0.0,
  "dff_mom_3m": 0.0,
  "dff_mom_6m": -11.21951219512194,
  "curve_mom_1m": -9.090909090909092,
  "curve_mom_3m": -21.875,
  "curve_mom_6m": -5.660377358490576,
  "dxy_mom_1m": -1.4073618145892477,
  "dxy_mom_3m": -1.136485570384671,
  "dxy_mom_6m": -1.8668833179349087,
  "unrate_mom_1m": 2.3255813953488413,
  "unrate_mom_3m": -2.2222222222222143,
  "unrate_mom_6m": 2.3255813953488413,
  "nfp_mom_1m": -183.125,
  "nfp_mom_3m": -424.39024390243907,
  "nfp_mom_6m": 89.99999999999999,
  "copper_sma_short": 5.560750126838684,
  "copper_sma_mid": 5.754038443932166,
  "copper_sma_long": 5.516980776420007,
  "bdry_sma_short": 10.272500038146973,
  "bdry_sma_mid": 10.743846012995792,
  "bdry_sma_long": 9.649615379480217,
  "wti_sma_short": 101.51749992370604,
  "wti_sma_mid": 80.09615325927734,
  "wti_sma_long": 69.42615362314078,
  "curve_sma_short": 0.52,
  "curve_sma_mid": 0.6,
  "curve_sma_long": 0.5984615384615385,
  "dxy_sma_short": 120.168125,
  "dxy_sma_mid": 119.16744615384616,
  "dxy_sma_long": 119.91415384615384,
  "copper_mom3_z": -0.579854321088638,
  "bdry_mom1_z": -0.2308050968975793,
  "wti_mom3_z": 2.213509158003424,
  "nfp_change_z": -1.9938938887436992,
  "unrate_trend_inv_z": 1.4398916412573428,
  "fed_level_z": -1.2045369164118138,
  "dff_change_4w": 0.0,
  "fed_change_inv_z": -0.5165291917671453,
  "curve_z": -0.9000052752675446,
  "dxy_mom3": -1.136485570384671,
  "dxy_mom_inv_z": -0.2057994027380971,
  "curve_mom_3m_abs": -0.14,
  "durable_goods_z": -0.3066630354869916,
  "bke_mom_1m": 0.0,
  "bke_mom_3m": 3.5087719298245723,
  "bke_mom_6m": 2.60869565217392,
  "breakeven_z": 0.8178234751104683,
  "hy_oas_inv_z": 0.3436144605899831,
  "real_yield_inv_z": -0.2408170145527849,
  "growth_score": -0.2077285997761944,
  "growth_score_delta_4w": -0.3843750618921068,
  "inflation_score": 0.4449990088678758,
  "liquidity_score": -0.1373447825218627,
  "risk_score": -0.2822191956428296,
  "macro_temperature": 21.75467873931161,
  "regime": "stagflation_risk",
  "spy_fwd_4w": null,
  "spy_fwd_13w": null,
  "spy_composite_4w": null,
  "spy_composite_13w": null
}